{
    "basic class selector": {
        "source": ".abc",
        "ast": {
            "type": "ClassSelector",
            "name": "abc"
        }
    },
    "start with dash": {
        "source": ".-abc",
        "ast": {
            "type": "ClassSelector",
            "name": "-abc"
        }
    },
    "escaped class selector #1": {
        "source": ".\\31 0\\+",
        "ast": {
            "type": "ClassSelector",
            "name": "\\31 0\\+"
        }
    },
    "escaped class selector #2": {
        "source": ".\\31 b",
        "ast": {
            "type": "ClassSelector",
            "name": "\\31 b"
        }
    },
    "escaped class selector #3": {
        "source": ".\\31 \\ b",
        "ast": {
            "type": "ClassSelector",
            "name": "\\31 \\ b"
        }
    },
    "escaped class selector #4": {
        "source": ".\\30 \\30\r\\30\r\n\\30\n\\30\f",
        "ast": {
            "type": "ClassSelector",
            "name": "\\30 \\30\r\\30\r\n\\30\n\\30\f"
        }
    },
    "escaped class selector #5": {
        "source": ".test\\(1\\)",
        "ast": {
            "type": "ClassSelector",
            "name": "test\\(1\\)"
        }
    }
}
