{
    "pseudo element #0": {
        "source": "::test",
        "ast": {
            "type": "PseudoElementSelector",
            "name": "test",
            "children": null
        }
    },
    "pseudo element #1": {
        "source": "::test-test",
        "ast": {
            "type": "PseudoElementSelector",
            "name": "test-test",
            "children": null
        }
    },
    "pseudo element ::before": {
        "source": "::before",
        "ast": {
            "type": "PseudoElementSelector",
            "name": "before",
            "children": null
        }
    },
    "functional pseudo element": {
        "source": "::test(1 + 2)",
        "ast": {
            "type": "PseudoElementSelector",
            "name": "test",
            "children": [
                {
                    "type": "Raw",
                    "value": "1 + 2"
                }
            ]
        }
    }
}
