{
    "number as keyword": {
        "syntax": "100 | 200",
        "valid": [
            "100",
            "200"
        ],
        "invalid": [
            "300"
        ]
    },
    "\\0 and \\9 hack": {
        "syntax": "foo | <number> | <length>",
        "valid": [
            "foo\\9",
            "foo \\9",
            "0\\9",
            "0 \\9",
            "1px\\9",
            "1px \\9",
            "foo\\0",
            "foo \\0",
            "0\\0",
            "0 \\0",
            "1px\\0",
            "1px \\0"
        ]
    },
    "\\0 and \\9 hack #2": {
        "syntax": "foo | bar | baz",
        "valid": [
            "foo\\9",
            "foo \\9",
            "bar\\9",
            "bar \\9",
            "baz\\9",
            "baz \\9",
            "foo\\0",
            "foo \\0",
            "bar\\0",
            "bar \\0",
            "baz\\0",
            "baz \\0"
        ]
    }
}
