{
    "slash": {
        "syntax": "foo / bar",
        "valid": [
            "foo / bar",
            "foo/bar"
        ],
        "invalid": [
            "",
            "/",
            "foo",
            "foo /",
            "foo bar",
            "bar",
            "/ bar"
        ]
    },
    "semicolon": {
        "syntax": "foo ; bar",
        "valid": [
            "foo ; bar",
            "foo;bar"
        ],
        "invalid": [
            "",
            ";",
            "foo",
            "foo ;",
            "foo bar",
            "bar",
            "; bar"
        ]
    },
    "token with a multiplier": {
        "syntax": ";?",
        "valid": [
            " ; ",
            ";",
            "  ",
            ""
        ],
        "invalid": []
    }
}
