{
    "boolean media feature": {
        "source": "(foo)",
        "ast": {
            "type": "MediaQuery",
            "modifier": null,
            "mediaType": null,
            "condition": {
                "type": "Condition",
                "kind": "media",
                "children": [
                    {
                        "type": "Feature",
                        "kind": "media",
                        "name": "foo",
                        "value": null
                    }
                ]
            }
        }
    },
    "media feature with number value": {
        "source": "(foo:1)",
        "ast": {
            "type": "MediaQuery",
            "modifier": null,
            "mediaType": null,
            "condition": {
                "type": "Condition",
                "kind": "media",
                "children": [
                    {
                        "type": "Feature",
                        "kind": "media",
                        "name": "foo",
                        "value": {
                            "type": "Number",
                            "value": "1"
                        }
                    }
                ]
            }
        }
    },
    "media feature with identifier value": {
        "source": "(foo:bar)",
        "ast": {
            "type": "MediaQuery",
            "modifier": null,
            "mediaType": null,
            "condition": {
                "type": "Condition",
                "kind": "media",
                "children": [
                    {
                        "type": "Feature",
                        "kind": "media",
                        "name": "foo",
                        "value": {
                            "type": "Identifier",
                            "name": "bar"
                        }
                    }
                ]
            }
        }
    },
    "media feature with dimension value": {
        "source": "(foo:2px)",
        "ast": {
            "type": "MediaQuery",
            "modifier": null,
            "mediaType": null,
            "condition": {
                "type": "Condition",
                "kind": "media",
                "children": [
                    {
                        "type": "Feature",
                        "kind": "media",
                        "name": "foo",
                        "value": {
                            "type": "Dimension",
                            "value": "2",
                            "unit": "px"
                        }
                    }
                ]
            }
        }
    },
    "media feature with ratio": {
        "source": "(foo:3/4)",
        "ast": {
            "type": "MediaQuery",
            "modifier": null,
            "mediaType": null,
            "condition": {
                "type": "Condition",
                "kind": "media",
                "children": [
                    {
                        "type": "Feature",
                        "kind": "media",
                        "name": "foo",
                        "value": {
                            "type": "Ratio",
                            "left": {
                                "type": "Number",
                                "value": "3"
                            },
                            "right": {
                                "type": "Number",
                                "value": "4"
                            }
                        }
                    }
                ]
            }
        }
    },
    "media feature with spaces": {
        "source": "(  foo  :  1  )",
        "generate": "(foo:1)",
        "ast": {
            "type": "MediaQuery",
            "modifier": null,
            "mediaType": null,
            "condition": {
                "type": "Condition",
                "kind": "media",
                "children": [
                    {
                        "type": "Feature",
                        "kind": "media",
                        "name": "foo",
                        "value": {
                            "type": "Number",
                            "value": "1"
                        }
                    }
                ]
            }
        }
    },
    "media feature with comments": {
        "source": "all /*0*/ (/*1*/foo/*2*/:/*3*/1/*4*/)",
        "generate": "all (foo:1)",
        "ast": {
            "type": "MediaQuery",
            "modifier": null,
            "mediaType": null,
            "condition": {
                "type": "Condition",
                "kind": "media",
                "children": [
                    {
                        "type": "Identifier",
                        "name": "all"
                    },
                    {
                        "type": "Feature",
                        "kind": "media",
                        "name": "foo",
                        "value": {
                            "type": "Number",
                            "value": "1"
                        }
                    }
                ]
            }
        }
    },
    "media feature with ratio and spaces": {
        "source": "(  foo  :  3  /  4  )",
        "generate": "(foo:3/4)",
        "ast": {
            "type": "MediaQuery",
            "modifier": null,
            "mediaType": null,
            "condition": {
                "type": "Condition",
                "kind": "media",
                "children": [
                    {
                        "type": "Feature",
                        "kind": "media",
                        "name": "foo",
                        "value": {
                            "type": "Ratio",
                            "left": {
                                "type": "Number",
                                "value": "3"
                            },
                            "right": {
                                "type": "Number",
                                "value": "4"
                            }
                        }
                    }
                ]
            }
        }
    },
    "vendor media feature": {
        "source": "(-webkit-min-device-pixel-ratio:2)",
        "ast": {
            "type": "MediaQuery",
            "modifier": null,
            "mediaType": null,
            "condition": {
                "type": "Condition",
                "kind": "media",
                "children": [
                    {
                        "type": "Feature",
                        "kind": "media",
                        "name": "-webkit-min-device-pixel-ratio",
                        "value": {
                            "type": "Number",
                            "value": "2"
                        }
                    }
                ]
            }
        }
    },
    "dashed name feature": {
        "source": "(--foo:2)",
        "ast": {
            "type": "MediaQuery",
            "modifier": null,
            "mediaType": null,
            "condition": {
                "type": "Condition",
                "kind": "media",
                "children": [
                    {
                        "type": "Feature",
                        "kind": "media",
                        "name": "--foo",
                        "value": {
                            "type": "Number",
                            "value": "2"
                        }
                    }
                ]
            }
        }
    },
    "with function": {
        "source": "(  foo  :  calc( 3  /  4 + 2)  )",
        "generate": "(foo:calc(3/4 + 2))",
        "ast": {
            "type": "MediaQuery",
            "modifier": null,
            "mediaType": null,
            "condition": {
                "type": "Condition",
                "kind": "media",
                "children": [
                    {
                        "type": "Feature",
                        "kind": "media",
                        "name": "foo",
                        "value": {
                            "type": "Function",
                            "name": "calc",
                            "children": [
                                {
                                    "type": "Number",
                                    "value": "3"
                                },
                                {
                                    "type": "Operator",
                                    "value": "/"
                                },
                                {
                                    "type": "Number",
                                    "value": "4"
                                },
                                {
                                    "type": "Operator",
                                    "value": " + "
                                },
                                {
                                    "type": "Number",
                                    "value": "2"
                                }
                            ]
                        }
                    }
                ]
            }
        }
    },
    "number with \\0 hack": {
        "source": "(min-width:0\\0)",
        "ast": {
            "type": "MediaQuery",
            "modifier": null,
            "mediaType": null,
            "condition": {
                "type": "Condition",
                "kind": "media",
                "children": [
                    {
                        "type": "Feature",
                        "kind": "media",
                        "name": "min-width",
                        "value": {
                            "type": "Dimension",
                            "value": "0",
                            "unit": "\\0"
                        }
                    }
                ]
            }
        }
    },
    "error": [
        {
            "source": "(foo 123)",
            "offset": "     ^",
            "error": "Expected \":\", \"<\", \">\", \"=\" or \")\""
        },
        {
            "source": "(foo: bar baz)",
            "offset": "          ^",
            "error": "\")\" is expected"
        },
        {
            "source": "(foo: 'foo')",
            "offset": "      ^",
            "error": "Number, dimension, ratio or identifier is expected"
        },
        {
            "source": "(fo",
            "offset": "   ^",
            "error": "Colon is expected"
        }
    ]
}
