{
    "basic": {
        "source": "calc(1 + 2 * 3 / 4 - 5)",
        "generate": "calc(1 + 2*3/4 - 5)",
        "ast": {
            "type": "Function",
            "name": "calc",
            "children": [
                {
                    "type": "Number",
                    "value": "1"
                },
                {
                    "type": "Operator",
                    "value": " + "
                },
                {
                    "type": "Number",
                    "value": "2"
                },
                {
                    "type": "Operator",
                    "value": "*"
                },
                {
                    "type": "Number",
                    "value": "3"
                },
                {
                    "type": "Operator",
                    "value": "/"
                },
                {
                    "type": "Number",
                    "value": "4"
                },
                {
                    "type": "Operator",
                    "value": " - "
                },
                {
                    "type": "Number",
                    "value": "5"
                }
            ]
        }
    },
    "with dimension and percentage": {
        "source": "calc(1% + 2 * 3em)",
        "generate": "calc(1% + 2*3em)",
        "ast": {
            "type": "Function",
            "name": "calc",
            "children": [
                {
                    "type": "Percentage",
                    "value": "1"
                },
                {
                    "type": "Operator",
                    "value": " + "
                },
                {
                    "type": "Number",
                    "value": "2"
                },
                {
                    "type": "Operator",
                    "value": "*"
                },
                {
                    "type": "Dimension",
                    "value": "3",
                    "unit": "em"
                }
            ]
        }
    },
    "nested": {
        "source": "calc(1% + (2 * (3em / 4)))",
        "generate": "calc(1% + (2*(3em/4)))",
        "ast": {
            "type": "Function",
            "name": "calc",
            "children": [
                {
                    "type": "Percentage",
                    "value": "1"
                },
                {
                    "type": "Operator",
                    "value": " + "
                },
                {
                    "type": "Parentheses",
                    "children": [
                        {
                            "type": "Number",
                            "value": "2"
                        },
                        {
                            "type": "Operator",
                            "value": "*"
                        },
                        {
                            "type": "Parentheses",
                            "children": [
                                {
                                    "type": "Dimension",
                                    "value": "3",
                                    "unit": "em"
                                },
                                {
                                    "type": "Operator",
                                    "value": "/"
                                },
                                {
                                    "type": "Number",
                                    "value": "4"
                                }
                            ]
                        }
                    ]
                }
            ]
        }
    },
    "custom property": {
        "source": "calc(1% + var(--foo))",
        "ast": {
            "type": "Function",
            "name": "calc",
            "children": [
                {
                    "type": "Percentage",
                    "value": "1"
                },
                {
                    "type": "Operator",
                    "value": " + "
                },
                {
                    "type": "Function",
                    "name": "var",
                    "children": [
                        {
                            "type": "Identifier",
                            "name": "--foo"
                        }
                    ]
                }
            ]
        }
    }
}
