{
    "comment.0": {
        "source": "/*!test*/",
        "ast": {
            "type": "Comment",
            "value": "!test"
        }
    },
    "comment.1": {
        "source": "/*!te\nst*/",
        "ast": {
            "type": "Comment",
            "value": "!te\nst"
        }
    },
    "comment.2": {
        "source": "/*!te\rst*/",
        "ast": {
            "type": "Comment",
            "value": "!te\rst"
        }
    },
    "comment.3": {
        "source": "/*!te\r\nst*/",
        "ast": {
            "type": "Comment",
            "value": "!te\r\nst"
        }
    },
    "comment.4": {
        "source": "/*!te**st*/",
        "ast": {
            "type": "Comment",
            "value": "!te**st"
        }
    },
    "bad comment #1": {
        "source": "/*! bad comment *",
        "generate": "/*! bad comment **/",
        "ast": {
            "type": "Comment",
            "value": "! bad comment *"
        }
    },
    "bad comment #2": {
        "source": "/*! bad comment ",
        "generate": "/*! bad comment */",
        "ast": {
            "type": "Comment",
            "value": "! bad comment "
        }
    }
}
