{
    "empty": {
        "source": "",
        "ast": {
            "type": "StyleSheet",
            "children": []
        }
    },
    "whitespace only": {
        "source": "  ",
        "generate": "",
        "ast": {
            "type": "StyleSheet",
            "children": []
        }
    },
    "comment only": {
        "source": "/* no css */",
        "generate": "",        
        "ast": {
            "type": "StyleSheet",
            "children": []
        }
    },
    "comment and whitespaces only": {
        "source": "  /* no css */  ",
        "generate": "",        
        "ast": {
            "type": "StyleSheet",
            "children": []
        }
    },
    "BOM UTF-16BE": {
        "source": "\uFEFF",
        "generate": "",
        "ast": {
            "type": "StyleSheet",
            "children": []
        }
    },
    "BOM UTF-16BE #2": {
        "source": "\uFEFF@a;",
        "generate": "@a;",
        "ast": {
            "type": "StyleSheet",
            "children": [
                {
                    "type": "Atrule",
                    "name": "a",
                    "prelude": null,
                    "block": null
                }
            ]
        }
    },
    "BOM UTF-16LE": {
        "source": "\uFFFE",
        "generate": "",
        "ast": {
            "type": "StyleSheet",
            "children": []
        }
    },
    "BOM UTF-16LE #2": {
        "source": "\uFFFE@a;",
        "generate": "@a;",
        "ast": {
            "type": "StyleSheet",
            "children": [
                {
                    "type": "Atrule",
                    "name": "a",
                    "prelude": null,
                    "block": null
                }
            ]
        }
    },
    "issue111.test1": {
        "source": "body:not([x|x]) {}",
        "generate": "body:not([x|x]){}",
        "ast": {
            "type": "StyleSheet",
            "children": [
                {
                    "type": "Rule",
                    "prelude": {
                        "type": "SelectorList",
                        "children": [
                            {
                                "type": "Selector",
                                "children": [
                                    {
                                        "type": "TypeSelector",
                                        "name": "body"
                                    },
                                    {
                                        "type": "PseudoClassSelector",
                                        "name": "not",
                                        "children": [
                                            {
                                                "type": "SelectorList",
                                                "children": [
                                                    {
                                                        "type": "Selector",
                                                        "children": [
                                                            {
                                                                "type": "AttributeSelector",
                                                                "name": {
                                                                    "type": "Identifier",
                                                                    "name": "x|x"
                                                                },
                                                                "matcher": null,
                                                                "value": null,
                                                                "flags": null
                                                            }
                                                        ]
                                                    }
                                                ]
                                            }
                                        ]
                                    }
                                ]
                            }
                        ]
                    },
                    "block": {
                        "type": "Block",
                        "children": []
                    }
                }
            ]
        }
    },
    "issue90.test1": {
        "source": "@media test {\n    @page {\n        p: v;\n    }\n}",
        "generate": "@media test{@page{p:v}}",
        "ast": {
            "type": "StyleSheet",
            "children": [
                {
                    "type": "Atrule",
                    "name": "media",
                    "prelude": {
                        "type": "AtrulePrelude",
                        "children": [
                            {
                                "type": "MediaQueryList",
                                "children": [
                                    {
                                        "type": "MediaQuery",
                                        "modifier": null,
                                        "mediaType": "test",
                                        "condition": null
                                    }
                                ]
                            }
                        ]
                    },
                    "block": {
                        "type": "Block",
                        "children": [
                            {
                                "type": "Atrule",
                                "name": "page",
                                "prelude": null,
                                "block": {
                                    "type": "Block",
                                    "children": [
                                        {
                                            "type": "Declaration",
                                            "important": false,
                                            "property": "p",
                                            "value": {
                                                "type": "Value",
                                                "children": [
                                                    {
                                                        "type": "Identifier",
                                                        "name": "v"
                                                    }
                                                ]
                                            }
                                        }
                                    ]
                                }
                            }
                        ]
                    }
                }
            ]
        }
    },
    "issue90.test2": {
        "source": "x {\n    p:v;\n}\n\n@media test {\n    a {\n        p:v;\n    }\n\n    /* comment */\n\n    @page {\n        p: v;\n    }\n\n    b {\n        p:v;\n    }\n}\n\ny {\n    p:v;\n}",
        "generate": "x{p:v}@media test{a{p:v}@page{p:v}b{p:v}}y{p:v}",
        "ast": {
            "type": "StyleSheet",
            "children": [
                {
                    "type": "Rule",
                    "prelude": {
                        "type": "SelectorList",
                        "children": [
                            {
                                "type": "Selector",
                                "children": [
                                    {
                                        "type": "TypeSelector",
                                        "name": "x"
                                    }
                                ]
                            }
                        ]
                    },
                    "block": {
                        "type": "Block",
                        "children": [
                            {
                                "type": "Declaration",
                                "important": false,
                                "property": "p",
                                "value": {
                                    "type": "Value",
                                    "children": [
                                        {
                                            "type": "Identifier",
                                            "name": "v"
                                        }
                                    ]
                                }
                            }
                        ]
                    }
                },
                {
                    "type": "Atrule",
                    "name": "media",
                    "prelude": {
                        "type": "AtrulePrelude",
                        "children": [
                            {
                                "type": "MediaQueryList",
                                "children": [
                                    {
                                        "type": "MediaQuery",
                                        "modifier": null,
                                        "mediaType": "test",
                                        "condition": null
                                    }
                                ]
                            }
                        ]
                    },
                    "block": {
                        "type": "Block",
                        "children": [
                            {
                                "type": "Rule",
                                "prelude": {
                                    "type": "SelectorList",
                                    "children": [
                                        {
                                            "type": "Selector",
                                            "children": [
                                                {
                                                    "type": "TypeSelector",
                                                    "name": "a"
                                                }
                                            ]
                                        }
                                    ]
                                },
                                "block": {
                                    "type": "Block",
                                    "children": [
                                        {
                                            "type": "Declaration",
                                            "important": false,
                                            "property": "p",
                                            "value": {
                                                "type": "Value",
                                                "children": [
                                                    {
                                                        "type": "Identifier",
                                                        "name": "v"
                                                    }
                                                ]
                                            }
                                        }
                                    ]
                                }
                            },
                            {
                                "type": "Atrule",
                                "name": "page",
                                "prelude": null,
                                "block": {
                                    "type": "Block",
                                    "children": [
                                        {
                                            "type": "Declaration",
                                            "important": false,
                                            "property": "p",
                                            "value": {
                                                "type": "Value",
                                                "children": [
                                                    {
                                                        "type": "Identifier",
                                                        "name": "v"
                                                    }
                                                ]
                                            }
                                        }
                                    ]
                                }
                            },
                            {
                                "type": "Rule",
                                "prelude": {
                                    "type": "SelectorList",
                                    "children": [
                                        {
                                            "type": "Selector",
                                            "children": [
                                                {
                                                    "type": "TypeSelector",
                                                    "name": "b"
                                                }
                                            ]
                                        }
                                    ]
                                },
                                "block": {
                                    "type": "Block",
                                    "children": [
                                        {
                                            "type": "Declaration",
                                            "important": false,
                                            "property": "p",
                                            "value": {
                                                "type": "Value",
                                                "children": [
                                                    {
                                                        "type": "Identifier",
                                                        "name": "v"
                                                    }
                                                ]
                                            }
                                        }
                                    ]
                                }
                            }
                        ]
                    }
                },
                {
                    "type": "Rule",
                    "prelude": {
                        "type": "SelectorList",
                        "children": [
                            {
                                "type": "Selector",
                                "children": [
                                    {
                                        "type": "TypeSelector",
                                        "name": "y"
                                    }
                                ]
                            }
                        ]
                    },
                    "block": {
                        "type": "Block",
                        "children": [
                            {
                                "type": "Declaration",
                                "important": false,
                                "property": "p",
                                "value": {
                                    "type": "Value",
                                    "children": [
                                        {
                                            "type": "Identifier",
                                            "name": "v"
                                        }
                                    ]
                                }
                            }
                        ]
                    }
                }
            ]
        }
    },
    "stylesheet.0": {
        "source": "s{p:v}",
        "ast": {
            "type": "StyleSheet",
            "children": [
                {
                    "type": "Rule",
                    "prelude": {
                        "type": "SelectorList",
                        "children": [
                            {
                                "type": "Selector",
                                "children": [
                                    {
                                        "type": "TypeSelector",
                                        "name": "s"
                                    }
                                ]
                            }
                        ]
                    },
                    "block": {
                        "type": "Block",
                        "children": [
                            {
                                "type": "Declaration",
                                "important": false,
                                "property": "p",
                                "value": {
                                    "type": "Value",
                                    "children": [
                                        {
                                            "type": "Identifier",
                                            "name": "v"
                                        }
                                    ]
                                }
                            }
                        ]
                    }
                }
            ]
        }
    },
    "stylesheet.1": {
        "source": "s0{p0:v0}s1{p1:v1}",
        "ast": {
            "type": "StyleSheet",
            "children": [
                {
                    "type": "Rule",
                    "prelude": {
                        "type": "SelectorList",
                        "children": [
                            {
                                "type": "Selector",
                                "children": [
                                    {
                                        "type": "TypeSelector",
                                        "name": "s0"
                                    }
                                ]
                            }
                        ]
                    },
                    "block": {
                        "type": "Block",
                        "children": [
                            {
                                "type": "Declaration",
                                "important": false,
                                "property": "p0",
                                "value": {
                                    "type": "Value",
                                    "children": [
                                        {
                                            "type": "Identifier",
                                            "name": "v0"
                                        }
                                    ]
                                }
                            }
                        ]
                    }
                },
                {
                    "type": "Rule",
                    "prelude": {
                        "type": "SelectorList",
                        "children": [
                            {
                                "type": "Selector",
                                "children": [
                                    {
                                        "type": "TypeSelector",
                                        "name": "s1"
                                    }
                                ]
                            }
                        ]
                    },
                    "block": {
                        "type": "Block",
                        "children": [
                            {
                                "type": "Declaration",
                                "important": false,
                                "property": "p1",
                                "value": {
                                    "type": "Value",
                                    "children": [
                                        {
                                            "type": "Identifier",
                                            "name": "v1"
                                        }
                                    ]
                                }
                            }
                        ]
                    }
                }
            ]
        }
    },
    "stylesheet.2": {
        "source": "@test;",
        "ast": {
            "type": "StyleSheet",
            "children": [
                {
                    "type": "Atrule",
                    "name": "test",
                    "prelude": null,
                    "block": null
                }
            ]
        }
    },
    "stylesheet.3": {
        "source": "@test0;@test1;",
        "ast": {
            "type": "StyleSheet",
            "children": [
                {
                    "type": "Atrule",
                    "name": "test0",
                    "prelude": null,
                    "block": null
                },
                {
                    "type": "Atrule",
                    "name": "test1",
                    "prelude": null,
                    "block": null
                }
            ]
        }
    },
    "stylesheet.4": {
        "source": "s{p:v}@test;",
        "ast": {
            "type": "StyleSheet",
            "children": [
                {
                    "type": "Rule",
                    "prelude": {
                        "type": "SelectorList",
                        "children": [
                            {
                                "type": "Selector",
                                "children": [
                                    {
                                        "type": "TypeSelector",
                                        "name": "s"
                                    }
                                ]
                            }
                        ]
                    },
                    "block": {
                        "type": "Block",
                        "children": [
                            {
                                "type": "Declaration",
                                "important": false,
                                "property": "p",
                                "value": {
                                    "type": "Value",
                                    "children": [
                                        {
                                            "type": "Identifier",
                                            "name": "v"
                                        }
                                    ]
                                }
                            }
                        ]
                    }
                },
                {
                    "type": "Atrule",
                    "name": "test",
                    "prelude": null,
                    "block": null
                }
            ]
        }
    },
    "stylesheet.c.0": {
        "source": "/* test */\ns {\n    p: v\n}\n/* test */",
        "generate": "s{p:v}",
        "ast": {
            "type": "StyleSheet",
            "children": [
                {
                    "type": "Rule",
                    "prelude": {
                        "type": "SelectorList",
                        "children": [
                            {
                                "type": "Selector",
                                "children": [
                                    {
                                        "type": "TypeSelector",
                                        "name": "s"
                                    }
                                ]
                            }
                        ]
                    },
                    "block": {
                        "type": "Block",
                        "children": [
                            {
                                "type": "Declaration",
                                "important": false,
                                "property": "p",
                                "value": {
                                    "type": "Value",
                                    "children": [
                                        {
                                            "type": "Identifier",
                                            "name": "v"
                                        }
                                    ]
                                }
                            }
                        ]
                    }
                }
            ]
        }
    },
    "stylesheet.s.0": {
        "source": "s {\n    p: v\n}",
        "generate": "s{p:v}",
        "ast": {
            "type": "StyleSheet",
            "children": [
                {
                    "type": "Rule",
                    "prelude": {
                        "type": "SelectorList",
                        "children": [
                            {
                                "type": "Selector",
                                "children": [
                                    {
                                        "type": "TypeSelector",
                                        "name": "s"
                                    }
                                ]
                            }
                        ]
                    },
                    "block": {
                        "type": "Block",
                        "children": [
                            {
                                "type": "Declaration",
                                "important": false,
                                "property": "p",
                                "value": {
                                    "type": "Value",
                                    "children": [
                                        {
                                            "type": "Identifier",
                                            "name": "v"
                                        }
                                    ]
                                }
                            }
                        ]
                    }
                }
            ]
        }
    },
    "stylesheet.s.1": {
        "source": "s0 {\n    p0: v0\n}\n\ns1 {\n    p1: v1\n}",
        "generate": "s0{p0:v0}s1{p1:v1}",
        "ast": {
            "type": "StyleSheet",
            "children": [
                {
                    "type": "Rule",
                    "prelude": {
                        "type": "SelectorList",
                        "children": [
                            {
                                "type": "Selector",
                                "children": [
                                    {
                                        "type": "TypeSelector",
                                        "name": "s0"
                                    }
                                ]
                            }
                        ]
                    },
                    "block": {
                        "type": "Block",
                        "children": [
                            {
                                "type": "Declaration",
                                "important": false,
                                "property": "p0",
                                "value": {
                                    "type": "Value",
                                    "children": [
                                        {
                                            "type": "Identifier",
                                            "name": "v0"
                                        }
                                    ]
                                }
                            }
                        ]
                    }
                },
                {
                    "type": "Rule",
                    "prelude": {
                        "type": "SelectorList",
                        "children": [
                            {
                                "type": "Selector",
                                "children": [
                                    {
                                        "type": "TypeSelector",
                                        "name": "s1"
                                    }
                                ]
                            }
                        ]
                    },
                    "block": {
                        "type": "Block",
                        "children": [
                            {
                                "type": "Declaration",
                                "important": false,
                                "property": "p1",
                                "value": {
                                    "type": "Value",
                                    "children": [
                                        {
                                            "type": "Identifier",
                                            "name": "v1"
                                        }
                                    ]
                                }
                            }
                        ]
                    }
                }
            ]
        }
    },
    "stylesheet.s.2": {
        "source": "@test0;\n@test1;",
        "generate": "@test0;@test1;",
        "ast": {
            "type": "StyleSheet",
            "children": [
                {
                    "type": "Atrule",
                    "name": "test0",
                    "prelude": null,
                    "block": null
                },
                {
                    "type": "Atrule",
                    "name": "test1",
                    "prelude": null,
                    "block": null
                }
            ]
        }
    },
    "stylesheet.s.3": {
        "source": "s {\n    p:v\n}\n\n@test;",
        "generate": "s{p:v}@test;",
        "ast": {
            "type": "StyleSheet",
            "children": [
                {
                    "type": "Rule",
                    "prelude": {
                        "type": "SelectorList",
                        "children": [
                            {
                                "type": "Selector",
                                "children": [
                                    {
                                        "type": "TypeSelector",
                                        "name": "s"
                                    }
                                ]
                            }
                        ]
                    },
                    "block": {
                        "type": "Block",
                        "children": [
                            {
                                "type": "Declaration",
                                "important": false,
                                "property": "p",
                                "value": {
                                    "type": "Value",
                                    "children": [
                                        {
                                            "type": "Identifier",
                                            "name": "v"
                                        }
                                    ]
                                }
                            }
                        ]
                    }
                },
                {
                    "type": "Atrule",
                    "name": "test",
                    "prelude": null,
                    "block": null
                }
            ]
        }
    },
    "issue #250": {
        "source": "@x {\n  unicode-range: U+2074, U+20AC, U+2212, U+2215, U+E0FF;\n}\n@x {\n  a: a();\n}",
        "generate": "@x{unicode-range:U+2074,U+20AC,U+2212,U+2215,U+E0FF}@x{a:a()}",
        "ast": {
            "type": "StyleSheet",
            "children": [
                {
                    "type": "Atrule",
                    "name": "x",
                    "prelude": null,
                    "block": {
                        "type": "Block",
                        "children": [
                            {
                                "type": "Declaration",
                                "important": false,
                                "property": "unicode-range",
                                "value": {
                                    "type": "Value",
                                    "children": [
                                        {
                                            "type": "UnicodeRange",
                                            "value": "U+2074"
                                        },
                                        {
                                            "type": "Operator",
                                            "value": ","
                                        },
                                        {
                                            "type": "UnicodeRange",
                                            "value": "U+20AC"
                                        },
                                        {
                                            "type": "Operator",
                                            "value": ","
                                        },
                                        {
                                            "type": "UnicodeRange",
                                            "value": "U+2212"
                                        },
                                        {
                                            "type": "Operator",
                                            "value": ","
                                        },
                                        {
                                            "type": "UnicodeRange",
                                            "value": "U+2215"
                                        },
                                        {
                                            "type": "Operator",
                                            "value": ","
                                        },
                                        {
                                            "type": "UnicodeRange",
                                            "value": "U+E0FF"
                                        }
                                    ]
                                }
                            }
                        ]
                    }
                },
                {
                    "type": "Atrule",
                    "name": "x",
                    "prelude": null,
                    "block": {
                        "type": "Block",
                        "children": [
                            {
                                "type": "Declaration",
                                "important": false,
                                "property": "a",
                                "value": {
                                    "type": "Value",
                                    "children": [
                                        {
                                            "type": "Function",
                                            "name": "a",
                                            "children": []
                                        }
                                    ]
                                }
                            }
                        ]
                    }
                }
            ]
        }
    },
    "CDO": {
        "source": "<!--",
        "ast": {
            "type": "StyleSheet",
            "children": [
                {
                    "type": "CDO"
                }
            ]
        }
    },
    "CDC": {
        "source": "-->",
        "ast": {
            "type": "StyleSheet",
            "children": [
                {
                    "type": "CDC"
                }
            ]
        }
    },
    "CDO/CDC": {
        "source": "<!--a{}-->",
        "ast": {
            "type": "StyleSheet",
            "children": [
                {
                    "type": "CDO"
                },
                {
                    "type": "Rule",
                    "prelude": {
                        "type": "SelectorList",
                        "children": [
                            {
                                "type": "Selector",
                                "children": [
                                    {
                                        "type": "TypeSelector",
                                        "name": "a"
                                    }
                                ]
                            }
                        ]
                    },
                    "block": {
                        "type": "Block",
                        "children": []
                    }
                },
                {
                    "type": "CDC"
                }
            ]
        }
    },
    "error": [
        {
            "comment": "empty selector ruleset",
            "source": "{}",
            "offset": "^",
            "error": "Selector is expected",
            "ast": {
                "type": "StyleSheet",
                "children": [
                    {
                        "type": "Rule",
                        "prelude": {
                            "type": "SelectorList",
                            "children": []
                        },
                        "block": {
                            "type": "Block",
                            "children": []
                        }
                    }
                ]
            }
        }
    ],
    "rule with a bad-string token (issue #93)": {
        "source": ".first{color:red\"\n}.thisAndAllFollowingRulesGetSwallowed {\n  color: red\n}",
        "generate": ".first{color:red\"\n}.thisAndAllFollowingRulesGetSwallowed{color:red}",
        "ast": {
            "type": "StyleSheet",
            "children": [
                {
                    "type": "Rule",
                    "prelude": {
                        "type": "SelectorList",
                        "children": [
                            {
                                "type": "Selector",
                                "children": [
                                    {
                                        "type": "ClassSelector",
                                        "name": "first"
                                    }
                                ]
                            }
                        ]
                    },
                    "block": {
                        "type": "Block",
                        "children": [
                            {
                                "type": "Declaration",
                                "important": false,
                                "property": "color",
                                "value": {
                                    "type": "Raw",
                                    "value": "red\"\n"
                                }
                            }
                        ]
                    }
                },
                {
                    "type": "Rule",
                    "prelude": {
                        "type": "SelectorList",
                        "children": [
                            {
                                "type": "Selector",
                                "children": [
                                    {
                                        "type": "ClassSelector",
                                        "name": "thisAndAllFollowingRulesGetSwallowed"
                                    }
                                ]
                            }
                        ]
                    },
                    "block": {
                        "type": "Block",
                        "children": [
                            {
                                "type": "Declaration",
                                "important": false,
                                "property": "color",
                                "value": {
                                    "type": "Value",
                                    "children": [
                                        {
                                            "type": "Identifier",
                                            "name": "red"
                                        }
                                    ]
                                }
                            }
                        ]
                    }
                }
            ]            
        }
    }
}
