{
    "rule.0": {
        "source": "s{p:v}",
        "ast": {
            "type": "Rule",
            "prelude": {
                "type": "SelectorList",
                "children": [
                    {
                        "type": "Selector",
                        "children": [
                            {
                                "type": "TypeSelector",
                                "name": "s"
                            }
                        ]
                    }
                ]
            },
            "block": {
                "type": "Block",
                "children": [
                    {
                        "type": "Declaration",
                        "important": false,
                        "property": "p",
                        "value": {
                            "type": "Value",
                            "children": [
                                {
                                    "type": "Identifier",
                                    "name": "v"
                                }
                            ]
                        }
                    }
                ]
            }
        }
    },
    "rule.1": {
        "source": "s{p0:v0;p1:v1}",
        "ast": {
            "type": "Rule",
            "prelude": {
                "type": "SelectorList",
                "children": [
                    {
                        "type": "Selector",
                        "children": [
                            {
                                "type": "TypeSelector",
                                "name": "s"
                            }
                        ]
                    }
                ]
            },
            "block": {
                "type": "Block",
                "children": [
                    {
                        "type": "Declaration",
                        "important": false,
                        "property": "p0",
                        "value": {
                            "type": "Value",
                            "children": [
                                {
                                    "type": "Identifier",
                                    "name": "v0"
                                }
                            ]
                        }
                    },
                    {
                        "type": "Declaration",
                        "important": false,
                        "property": "p1",
                        "value": {
                            "type": "Value",
                            "children": [
                                {
                                    "type": "Identifier",
                                    "name": "v1"
                                }
                            ]
                        }
                    }
                ]
            }
        }
    },
    "rule.2": {
        "source": "s0,s1{p:v}",
        "ast": {
            "type": "Rule",
            "prelude": {
                "type": "SelectorList",
                "children": [
                    {
                        "type": "Selector",
                        "children": [
                            {
                                "type": "TypeSelector",
                                "name": "s0"
                            }
                        ]
                    },
                    {
                        "type": "Selector",
                        "children": [
                            {
                                "type": "TypeSelector",
                                "name": "s1"
                            }
                        ]
                    }
                ]
            },
            "block": {
                "type": "Block",
                "children": [
                    {
                        "type": "Declaration",
                        "important": false,
                        "property": "p",
                        "value": {
                            "type": "Value",
                            "children": [
                                {
                                    "type": "Identifier",
                                    "name": "v"
                                }
                            ]
                        }
                    }
                ]
            }
        }
    },
    "rule.3": {
        "source": "s0,s1{p0:v0;p1:v1}",
        "ast": {
            "type": "Rule",
            "prelude": {
                "type": "SelectorList",
                "children": [
                    {
                        "type": "Selector",
                        "children": [
                            {
                                "type": "TypeSelector",
                                "name": "s0"
                            }
                        ]
                    },
                    {
                        "type": "Selector",
                        "children": [
                            {
                                "type": "TypeSelector",
                                "name": "s1"
                            }
                        ]
                    }
                ]
            },
            "block": {
                "type": "Block",
                "children": [
                    {
                        "type": "Declaration",
                        "important": false,
                        "property": "p0",
                        "value": {
                            "type": "Value",
                            "children": [
                                {
                                    "type": "Identifier",
                                    "name": "v0"
                                }
                            ]
                        }
                    },
                    {
                        "type": "Declaration",
                        "important": false,
                        "property": "p1",
                        "value": {
                            "type": "Value",
                            "children": [
                                {
                                    "type": "Identifier",
                                    "name": "v1"
                                }
                            ]
                        }
                    }
                ]
            }
        }
    },
    "rule.s.6": {
        "source": ".test\n{\rcolor:red;\r\n}",
        "generate": ".test{color:red}",
        "ast": {
            "type": "Rule",
            "prelude": {
                "type": "SelectorList",
                "children": [
                    {
                        "type": "Selector",
                        "children": [
                            {
                                "type": "ClassSelector",
                                "name": "test"
                            }
                        ]
                    }
                ]
            },
            "block": {
                "type": "Block",
                "children": [
                    {
                        "type": "Declaration",
                        "important": false,
                        "property": "color",
                        "value": {
                            "type": "Value",
                            "children": [
                                {
                                    "type": "Identifier",
                                    "name": "red"
                                }
                            ]
                        }
                    }
                ]
            }
        }
    },
    "declaration with //": {
        "source": ".test{//color:red}",
        "ast": {
            "type": "Rule",
            "prelude": {
                "type": "SelectorList",
                "children": [
                    {
                        "type": "Selector",
                        "children": [
                            {
                                "type": "ClassSelector",
                                "name": "test"
                            }
                        ]
                    }
                ]
            },
            "block": {
                "type": "Block",
                "children": [
                    {
                        "type": "Declaration",
                        "important": false,
                        "property": "//color",
                        "value": {
                            "type": "Value",
                            "children": [
                                {
                                    "type": "Identifier",
                                    "name": "red"
                                }
                            ]
                        }
                    }
                ]
            }
        }
    },
    "rule.c.0": {
        "source": "s/*test*/{/*test*/p/*test*/:/*test*/v/*test*/}",
        "generate": "s{p:v}",
        "ast": {
            "type": "Rule",
            "prelude": {
                "type": "SelectorList",
                "children": [
                    {
                        "type": "Selector",
                        "children": [
                            {
                                "type": "TypeSelector",
                                "name": "s"
                            }
                        ]
                    }
                ]
            },
            "block": {
                "type": "Block",
                "children": [
                    {
                        "type": "Declaration",
                        "important": false,
                        "property": "p",
                        "value": {
                            "type": "Value",
                            "children": [
                                {
                                    "type": "Identifier",
                                    "name": "v"
                                }
                            ]
                        }
                    }
                ]
            }
        }
    },
    "rule.c.1": {
        "source": "s/*test*/{/*test*/p0/*test*/:/*test*/v0/*test*/;/*test*/p1/*test*/:/*test*/v1/*test*/}",
        "generate": "s{p0:v0;p1:v1}",
        "ast": {
            "type": "Rule",
            "prelude": {
                "type": "SelectorList",
                "children": [
                    {
                        "type": "Selector",
                        "children": [
                            {
                                "type": "TypeSelector",
                                "name": "s"
                            }
                        ]
                    }
                ]
            },
            "block": {
                "type": "Block",
                "children": [
                    {
                        "type": "Declaration",
                        "important": false,
                        "property": "p0",
                        "value": {
                            "type": "Value",
                            "children": [
                                {
                                    "type": "Identifier",
                                    "name": "v0"
                                }
                            ]
                        }
                    },
                    {
                        "type": "Declaration",
                        "important": false,
                        "property": "p1",
                        "value": {
                            "type": "Value",
                            "children": [
                                {
                                    "type": "Identifier",
                                    "name": "v1"
                                }
                            ]
                        }
                    }
                ]
            }
        }
    },
    "rule.c.2": {
        "source": "s0/*test*/,/*test*/s1/*test*/{/*test*/p/*test*/:/*test*/v/*test*/}",
        "generate": "s0,s1{p:v}",
        "ast": {
            "type": "Rule",
            "prelude": {
                "type": "SelectorList",
                "children": [
                    {
                        "type": "Selector",
                        "children": [
                            {
                                "type": "TypeSelector",
                                "name": "s0"
                            }
                        ]
                    },
                    {
                        "type": "Selector",
                        "children": [
                            {
                                "type": "TypeSelector",
                                "name": "s1"
                            }
                        ]
                    }
                ]
            },
            "block": {
                "type": "Block",
                "children": [
                    {
                        "type": "Declaration",
                        "important": false,
                        "property": "p",
                        "value": {
                            "type": "Value",
                            "children": [
                                {
                                    "type": "Identifier",
                                    "name": "v"
                                }
                            ]
                        }
                    }
                ]
            }
        }
    },
    "rule.c.3": {
        "source": "s0/*test*/,/*test*/s1/*test*/{/*test*/p0/*test*/:/*test*/v0/*test*/;/*test*/p1/*test*/:/*test*/v1/*test*/}",
        "generate": "s0,s1{p0:v0;p1:v1}",
        "ast": {
            "type": "Rule",
            "prelude": {
                "type": "SelectorList",
                "children": [
                    {
                        "type": "Selector",
                        "children": [
                            {
                                "type": "TypeSelector",
                                "name": "s0"
                            }
                        ]
                    },
                    {
                        "type": "Selector",
                        "children": [
                            {
                                "type": "TypeSelector",
                                "name": "s1"
                            }
                        ]
                    }
                ]
            },
            "block": {
                "type": "Block",
                "children": [
                    {
                        "type": "Declaration",
                        "important": false,
                        "property": "p0",
                        "value": {
                            "type": "Value",
                            "children": [
                                {
                                    "type": "Identifier",
                                    "name": "v0"
                                }
                            ]
                        }
                    },
                    {
                        "type": "Declaration",
                        "important": false,
                        "property": "p1",
                        "value": {
                            "type": "Value",
                            "children": [
                                {
                                    "type": "Identifier",
                                    "name": "v1"
                                }
                            ]
                        }
                    }
                ]
            }
        }
    },
    "rule.s.0": {
        "source": "s  {  p  :  v  }",
        "generate": "s{p:v}",
        "ast": {
            "type": "Rule",
            "prelude": {
                "type": "SelectorList",
                "children": [
                    {
                        "type": "Selector",
                        "children": [
                            {
                                "type": "TypeSelector",
                                "name": "s"
                            }
                        ]
                    }
                ]
            },
            "block": {
                "type": "Block",
                "children": [
                    {
                        "type": "Declaration",
                        "important": false,
                        "property": "p",
                        "value": {
                            "type": "Value",
                            "children": [
                                {
                                    "type": "Identifier",
                                    "name": "v"
                                }
                            ]
                        }
                    }
                ]
            }
        }
    },
    "rule.s.1": {
        "source": "s  {  p0  :  v0  ;  p1  :  v1  }",
        "generate": "s{p0:v0;p1:v1}",
        "ast": {
            "type": "Rule",
            "prelude": {
                "type": "SelectorList",
                "children": [
                    {
                        "type": "Selector",
                        "children": [
                            {
                                "type": "TypeSelector",
                                "name": "s"
                            }
                        ]
                    }
                ]
            },
            "block": {
                "type": "Block",
                "children": [
                    {
                        "type": "Declaration",
                        "important": false,
                        "property": "p0",
                        "value": {
                            "type": "Value",
                            "children": [
                                {
                                    "type": "Identifier",
                                    "name": "v0"
                                }
                            ]
                        }
                    },
                    {
                        "type": "Declaration",
                        "important": false,
                        "property": "p1",
                        "value": {
                            "type": "Value",
                            "children": [
                                {
                                    "type": "Identifier",
                                    "name": "v1"
                                }
                            ]
                        }
                    }
                ]
            }
        }
    },
    "rule.s.2": {
        "source": "s0  ,  s1  {  p  :  v  }",
        "generate": "s0,s1{p:v}",
        "ast": {
            "type": "Rule",
            "prelude": {
                "type": "SelectorList",
                "children": [
                    {
                        "type": "Selector",
                        "children": [
                            {
                                "type": "TypeSelector",
                                "name": "s0"
                            }
                        ]
                    },
                    {
                        "type": "Selector",
                        "children": [
                            {
                                "type": "TypeSelector",
                                "name": "s1"
                            }
                        ]
                    }
                ]
            },
            "block": {
                "type": "Block",
                "children": [
                    {
                        "type": "Declaration",
                        "important": false,
                        "property": "p",
                        "value": {
                            "type": "Value",
                            "children": [
                                {
                                    "type": "Identifier",
                                    "name": "v"
                                }
                            ]
                        }
                    }
                ]
            }
        }
    },
    "rule.s.3": {
        "source": "s0  ,  s1  {  p0  :  v0  ;  p1  :  v1  }",
        "generate": "s0,s1{p0:v0;p1:v1}",
        "ast": {
            "type": "Rule",
            "prelude": {
                "type": "SelectorList",
                "children": [
                    {
                        "type": "Selector",
                        "children": [
                            {
                                "type": "TypeSelector",
                                "name": "s0"
                            }
                        ]
                    },
                    {
                        "type": "Selector",
                        "children": [
                            {
                                "type": "TypeSelector",
                                "name": "s1"
                            }
                        ]
                    }
                ]
            },
            "block": {
                "type": "Block",
                "children": [
                    {
                        "type": "Declaration",
                        "important": false,
                        "property": "p0",
                        "value": {
                            "type": "Value",
                            "children": [
                                {
                                    "type": "Identifier",
                                    "name": "v0"
                                }
                            ]
                        }
                    },
                    {
                        "type": "Declaration",
                        "important": false,
                        "property": "p1",
                        "value": {
                            "type": "Value",
                            "children": [
                                {
                                    "type": "Identifier",
                                    "name": "v1"
                                }
                            ]
                        }
                    }
                ]
            }
        }
    },
    "value.color.ident.0": {
        "source": "s{p:yellow}",
        "ast": {
            "type": "Rule",
            "prelude": {
                "type": "SelectorList",
                "children": [
                    {
                        "type": "Selector",
                        "children": [
                            {
                                "type": "TypeSelector",
                                "name": "s"
                            }
                        ]
                    }
                ]
            },
            "block": {
                "type": "Block",
                "children": [
                    {
                        "type": "Declaration",
                        "important": false,
                        "property": "p",
                        "value": {
                            "type": "Value",
                            "children": [
                                {
                                    "type": "Identifier",
                                    "name": "yellow"
                                }
                            ]
                        }
                    }
                ]
            }
        }
    },
    "value.color.ident.1": {
        "source": "yellow{p:yellow}",
        "ast": {
            "type": "Rule",
            "prelude": {
                "type": "SelectorList",
                "children": [
                    {
                        "type": "Selector",
                        "children": [
                            {
                                "type": "TypeSelector",
                                "name": "yellow"
                            }
                        ]
                    }
                ]
            },
            "block": {
                "type": "Block",
                "children": [
                    {
                        "type": "Declaration",
                        "important": false,
                        "property": "p",
                        "value": {
                            "type": "Value",
                            "children": [
                                {
                                    "type": "Identifier",
                                    "name": "yellow"
                                }
                            ]
                        }
                    }
                ]
            }
        }
    },
    "shouldn't parse a selector when parseRulePrelude is false": {
        "options": {
            "parseRulePrelude": false
        },
        "source": ".foo, a:not(a = b) { foo: 1; }",
        "generate": ".foo, a:not(a = b){foo:1}",
        "ast": {
            "type": "Rule",
            "prelude": {
                "type": "Raw",
                "value": ".foo, a:not(a = b)"
            },
            "block": {
                "type": "Block",
                "children": [
                    {
                        "type": "Declaration",
                        "important": false,
                        "property": "foo",
                        "value": {
                            "type": "Value",
                            "children": [
                                {
                                    "type": "Number",
                                    "value": "1"
                                }
                            ]
                        }
                    }
                ]
            }
        }
    },
    "unclosed block": {
        "source": "selector { ",
        "generate": "selector{}",
        "ast": {
            "type": "Rule",
            "prelude": {
                "type": "SelectorList",
                "children": [
                    {
                        "type": "Selector",
                        "children": [
                            {
                                "type": "TypeSelector",
                                "name": "selector"
                            }
                        ]
                    }
                ]
            },
            "block": {
                "type": "Block",
                "children": []
            }
        }
    }
}
