{
    "empty": {
        "source": "[]",
        "ast": {
            "type": "Brackets",
            "children": []
        }
    },
    "single identifier": {
        "source": "[foo]",
        "ast": {
            "type": "Brackets",
            "children": [
                {
                    "type": "Identifier",
                    "name": "foo"
                }
            ]
        }
    },
    "multiple identifier": {
        "source": "[foo bar]",
        "ast": {
            "type": "Brackets",
            "children": [
                {
                    "type": "Identifier",
                    "name": "foo"
                },
                {
                    "type": "Identifier",
                    "name": "bar"
                }
            ]
        }
    },
    "unclosed brakets is not an error": {
        "source": "[ abc",
        "generate": "[abc]",
        "ast": {
            "type": "Brackets",
            "children": [
                {
                    "type": "Identifier",
                    "name": "abc"
                }
            ]
        }
    }
}
