{
    "basic": [
        {
            "source": "#100",
            "ast": {
                "type": "Hash",
                "value": "100"
            }
        },
        {
            "source": "#123abc",
            "ast": {
                "type": "Hash",
                "value": "123abc"
            }
        },
        {
            "source": "#abc123",
            "ast": {
                "type": "Hash",
                "value": "abc123"
            }
        },
        {
            "source": "#a1b2c3d4",
            "ast": {
                "type": "Hash",
                "value": "a1b2c3d4"
            }
        },
        {
            "source": "#AaBbCc",
            "ast": {
                "type": "Hash",
                "value": "AaBbCc"
            }
        }
    ],
    "edge cases": [
        {
            "source": "#1.2AaB",
            "generate": "#1 .2AaB",
            "ast": {
                "type": "Value",
                "children": [
                    {
                        "type": "Hash",
                        "value": "1"
                    },
                    {
                        "type": "Dimension",
                        "value": ".2",
                        "unit": "AaB"
                    }
                ]
            }
        },
        {
            "source": "#a1.2AaB",
            "generate": "#a1 .2AaB",
            "ast": {
                "type": "Value",
                "children": [
                    {
                        "type": "Hash",
                        "value": "a1"
                    },
                    {
                        "type": "Dimension",
                        "value": ".2",
                        "unit": "AaB"
                    }
                ]
            }
        },
        {
            "source": "#1e-2Aa",
            "ast": {
                "type": "Value",
                "children": [
                    {
                        "type": "Hash",
                        "value": "1e-2Aa"
                    }
                ]
            }
        },
        {
            "source": "#a1e-2Aa",
            "ast": {
                "type": "Value",
                "children": [
                    {
                        "type": "Hash",
                        "value": "a1e-2Aa"
                    }
                ]
            }
        },
        {
            "source": "#123xxx",
            "ast": {
                "type": "Value",
                "children": [
                    {
                        "type": "Hash",
                        "value": "123xxx"
                    }
                ]
            }
        },
        {
            "source": "#123azz",
            "ast": {
                "type": "Value",
                "children": [
                    {
                        "type": "Hash",
                        "value": "123azz"
                    }
                ]
            }
        },
        {
            "source": "#123\\9",
            "ast": {
                "type": "Value",
                "children": [
                    {
                        "type": "Hash",
                        "value": "123\\9"
                    }
                ]
            }
        },
        {
            "source": "#123a\\9",
            "ast": {
                "type": "Value",
                "children": [
                    {
                        "type": "Hash",
                        "value": "123a\\9"
                    }
                ]
            }
        },
        {
            "source": "#abc\\0",
            "ast": {
                "type": "Value",
                "children": [
                    {
                        "type": "Hash",
                        "value": "abc\\0"
                    }
                ]
            }
        },
        {
            "source": "#1e57e9",
            "ast": {
                "type": "Hash",
                "value": "1e57e9"
            }
        },
        {
            "source": "#id",
            "ast": {
                "type": "Hash",
                "value": "id"
            }
        },
        {
            "source": "#-123",
            "ast": {
                "type": "Hash",
                "value": "-123"
            }
        }
    ],
    "error": [
        {
            "source": "#+123",
            "offset": " ^",
            "error": "Hex or identifier is expected"
        },
        {
            "source": "#.123",
            "offset": " ^",
            "error": "Hex or identifier is expected"
        },
        {
            "source": "#~123",
            "offset": " ^",
            "error": "Hex or identifier is expected"
        }
    ]
}
