{
    "percentage.0": {
        "source": "10%",
        "ast": {
            "type": "Percentage",
            "value": "10"
        }
    },
    "percentage.1": {
        "source": ".10%",
        "ast": {
            "type": "Percentage",
            "value": ".10"
        }
    },
    "percentage.2": {
        "source": "12.34%",
        "ast": {
            "type": "Percentage",
            "value": "12.34"
        }
    },
    "percentage.3": {
        "source": "-50%",
        "ast": {
            "type": "Percentage",
            "value": "-50"
        }
    }
}
