{
    "uri.0": {
        "source": "url(\"http://test.com\")",
        "generate": "url(http://test.com)",
        "ast": {
            "type": "Url",
            "value": "http://test.com"
        }
    },
    "uri.1": {
        "source": "url(http://test.com)",
        "ast": {
            "type": "Url",
            "value": "http://test.com"
        }
    },
    "uri.c.1": {
        "source": "url(/*test*/http://test.com/*test*/)",
        "ast": {
            "type": "Url",
            "value": "/*test*/http://test.com/*test*/"
        }
    },
    "uri.s.0": {
        "source": "url(  'http://test.com'  )",
        "generate": "url(http://test.com)",
        "ast": {
            "type": "Url",
            "value": "http://test.com"
        }
    },
    "uri.s.1": {
        "source": "url(  http://test.com  )",
        "generate": "url(http://test.com)",
        "ast": {
            "type": "Url",
            "value": "http://test.com"
        }
    },
    "uri with parentheses": {
        "source": "url(  p\\(1\\).png  )",
        "generate": "url(p\\(1\\).png)",
        "ast": {
            "type": "Url",
            "value": "p(1).png"
        }
    },
    "uri escaping": {
        "source": "url(  \\31 \\ \\(2\\)\\.png  )",
        "generate": "url(1\\ \\(2\\).png)",
        "ast": {
            "type": "Url",
            "value": "1 (2).png"
        }
    },
    "uri with special symbols": {
        "source": "url(  p{1};.png  )",
        "generate": "url(p{1};.png)",
        "ast": {
            "type": "Url",
            "value": "p{1};.png"
        }
    },
    "uri with parentheses in string": {
        "source": "url(  'p (1).png'  )",
        "generate": "url(p\\ \\(1\\).png)",
        "ast": {
            "type": "Url",
            "value": "p (1).png"
        }
    },
    "error": [
        {
            "source": "url(/*test*/'http://test.com'/*test*/)",
            "offset": "^",
            "error": "Unexpected input"
        },
        {
            "source": "url(a(1).png)",
            "offset": "^",
            "error": "Unexpected input"
        },
        {
            "source": "url(a - b.png)",
            "offset": "^",
            "error": "Unexpected input"
        }
    ]
}
