{
    "declaration.0": {
        "source": "property:value",
        "ast": {
            "type": "Declaration",
            "important": false,
            "property": "property",
            "value": {
                "type": "Value",
                "children": [
                    {
                        "type": "Identifier",
                        "name": "value"
                    }
                ]
            }
        }
    },
    "declaration.1": {
        "source": "-my-property:value",
        "ast": {
            "type": "Declaration",
            "important": false,
            "property": "-my-property",
            "value": {
                "type": "Value",
                "children": [
                    {
                        "type": "Identifier",
                        "name": "value"
                    }
                ]
            }
        }
    },
    "declaration property with // hack": {
        "source": "//property:value",
        "ast": {
            "type": "Declaration",
            "important": false,
            "property": "//property",
            "value": {
                "type": "Value",
                "children": [
                    {
                        "type": "Identifier",
                        "name": "value"
                    }
                ]
            }
        }
    },
    "declaration property with / hack": {
        "source": "/property:value",
        "ast": {
            "type": "Declaration",
            "important": false,
            "property": "/property",
            "value": {
                "type": "Value",
                "children": [
                    {
                        "type": "Identifier",
                        "name": "value"
                    }
                ]
            }
        }
    },
    "declaration property with $ hack": {
        "source": "$property:value",
        "ast": {
            "type": "Declaration",
            "important": false,
            "property": "$property",
            "value": {
                "type": "Value",
                "children": [
                    {
                        "type": "Identifier",
                        "name": "value"
                    }
                ]
            }
        }
    },
    "declaration property with _ hack": {
        "source": "_property:value",
        "ast": {
            "type": "Declaration",
            "important": false,
            "property": "_property",
            "value": {
                "type": "Value",
                "children": [
                    {
                        "type": "Identifier",
                        "name": "value"
                    }
                ]
            }
        }
    },
    "declaration property with * hack": {
        "source": "*property:value",
        "ast": {
            "type": "Declaration",
            "important": false,
            "property": "*property",
            "value": {
                "type": "Value",
                "children": [
                    {
                        "type": "Identifier",
                        "name": "value"
                    }
                ]
            }
        }
    },
    "declaration property with # hack": {
        "source": "#property:value",
        "ast": {
            "type": "Declaration",
            "important": false,
            "property": "#property",
            "value": {
                "type": "Value",
                "children": [
                    {
                        "type": "Identifier",
                        "name": "value"
                    }
                ]
            }
        }
    },
    "declaration property with + hack": {
        "source": "+property:value",
        "ast": {
            "type": "Declaration",
            "important": false,
            "property": "+property",
            "value": {
                "type": "Value",
                "children": [
                    {
                        "type": "Identifier",
                        "name": "value"
                    }
                ]
            }
        }
    },
    "declaration property with & hack": {
        "source": "&property:value",
        "ast": {
            "type": "Declaration",
            "important": false,
            "property": "&property",
            "value": {
                "type": "Value",
                "children": [
                    {
                        "type": "Identifier",
                        "name": "value"
                    }
                ]
            }
        }
    },
    "declaration.c.0": {
        "source": "property/*test*/:value",
        "generate": "property:value",
        "ast": {
            "type": "Declaration",
            "important": false,
            "property": "property",
            "value": {
                "type": "Value",
                "children": [
                    {
                        "type": "Identifier",
                        "name": "value"
                    }
                ]
            }
        }
    },
    "declaration.c.1": {
        "source": "property:/*test*/value",
        "generate": "property:value",
        "ast": {
            "type": "Declaration",
            "important": false,
            "property": "property",
            "value": {
                "type": "Value",
                "children": [
                    {
                        "type": "Identifier",
                        "name": "value"
                    }
                ]
            }
        }
    },
    "declaration.c.2": {
        "source": "property/*test*/:/*test*/value",
        "generate": "property:value",
        "ast": {
            "type": "Declaration",
            "important": false,
            "property": "property",
            "value": {
                "type": "Value",
                "children": [
                    {
                        "type": "Identifier",
                        "name": "value"
                    }
                ]
            }
        }
    },
    "declaration.c.3": {
        "source": "property  /*test*/  :  /*test*/  value",
        "generate": "property:value",
        "ast": {
            "type": "Declaration",
            "important": false,
            "property": "property",
            "value": {
                "type": "Value",
                "children": [
                    {
                        "type": "Identifier",
                        "name": "value"
                    }
                ]
            }
        }
    },
    "declaration.s.0": {
        "source": "property :value",
        "generate": "property:value",
        "ast": {
            "type": "Declaration",
            "important": false,
            "property": "property",
            "value": {
                "type": "Value",
                "children": [
                    {
                        "type": "Identifier",
                        "name": "value"
                    }
                ]
            }
        }
    },
    "declaration.s.1": {
        "source": "property: value",
        "generate": "property:value",
        "ast": {
            "type": "Declaration",
            "important": false,
            "property": "property",
            "value": {
                "type": "Value",
                "children": [
                    {
                        "type": "Identifier",
                        "name": "value"
                    }
                ]
            }
        }
    },
    "declaration.s.2": {
        "source": "property : value",
        "generate": "property:value",
        "ast": {
            "type": "Declaration",
            "important": false,
            "property": "property",
            "value": {
                "type": "Value",
                "children": [
                    {
                        "type": "Identifier",
                        "name": "value"
                    }
                ]
            }
        }
    },
    "declaration.s.3": {
        "source": "property   :   value",
        "generate": "property:value",
        "ast": {
            "type": "Declaration",
            "important": false,
            "property": "property",
            "value": {
                "type": "Value",
                "children": [
                    {
                        "type": "Identifier",
                        "name": "value"
                    }
                ]
            }
        }
    },
    "shouldn't parse a value when parseValue is false": {
        "options": {
            "parseValue": false
        },
        "source": "property: value",
        "generate": "property:value",
        "ast": {
            "type": "Declaration",
            "important": false,
            "property": "property",
            "value": {
                "type": "Raw",
                "value": "value"
            }
        }
    },
    "shouldn't include !important into a value when parseValue is false": {
        "options": {
            "parseValue": false
        },
        "source": "property: value !important",
        "generate": "property:value!important",
        "ast": {
            "type": "Declaration",
            "important": true,
            "property": "property",
            "value": {
                "type": "Raw",
                "value": "value"
            }
        }
    },
    "shouldn't include !important into a value when parseValue is false (function)": {
        "options": {
            "parseValue": false
        },
        "source": "property: calc(1px + 1%) !important",
        "generate": "property:calc(1px + 1%)!important",
        "ast": {
            "type": "Declaration",
            "important": true,
            "property": "property",
            "value": {
                "type": "Raw",
                "value": "calc(1px + 1%)"
            }
        }
    },
    "shouldn't include !important into a value when parseValue is false (brackets)": {
        "options": {
            "parseValue": false
        },
        "source": "property: [ value ] !important",
        "generate": "property:[ value ]!important",
        "ast": {
            "type": "Declaration",
            "important": true,
            "property": "property",
            "value": {
                "type": "Raw",
                "value": "[ value ]"
            }
        }
    },
    "shouldn't include !important into a value when parseValue is false (w/o whitespaces)": {
        "options": {
            "parseValue": false
        },
        "source": "property:value!important",
        "ast": {
            "type": "Declaration",
            "important": true,
            "property": "property",
            "value": {
                "type": "Raw",
                "value": "value"
            }
        }
    },
    "error": [
        {
            "source": "//: 1",
            "offset": "  ^",
            "error": "Identifier is expected"
        },
        {
            "source": "$: 1",
            "offset": " ^",
            "error": "Identifier is expected"
        },
        {
            "source": "foo: ~",
            "offset": "     ^",
            "error": "Unexpected input"
        }
    ]
}
