{
    "basic": [
        {
            "source": "property:!important",
            "ast": {
                "type": "Declaration",
                "important": true,
                "property": "property",
                "value": {
                    "type": "Value",
                    "children": []
                }
            }
        },
        {
            "source": "property:!ImpoRtant",
            "ast": {
                "type": "Declaration",
                "important": "ImpoRtant",
                "property": "property",
                "value": {
                    "type": "Value",
                    "children": []
                }
            }
        },
        {
            "source": "property:!IMPORTANT",
            "ast": {
                "type": "Declaration",
                "important": "IMPORTANT",
                "property": "property",
                "value": {
                    "type": "Value",
                    "children": []
                }
            }
        }
    ],
    "!ie hack": [
        {
            "source": "property:!ie",
            "ast": {
                "type": "Declaration",
                "important": "ie",
                "property": "property",
                "value": {
                    "type": "Value",
                    "children": []
                }
            }
        },
        {
            "source": "property:!IE7",
            "ast": {
                "type": "Declaration",
                "important": "IE7",
                "property": "property",
                "value": {
                    "type": "Value",
                    "children": []
                }
            }
        }
    ],
    "\\9 hack": {
        "source": "property:!important\\9",
        "ast": {
            "type": "Declaration",
            "important": "important\\9",
            "property": "property",
            "value": {
                "type": "Value",
                "children": []
            }
        }
    },
    "divided by comment": {
        "source": "property:!/*test*/important",
        "generate": "property:!important",
        "ast": {
            "type": "Declaration",
            "important": true,
            "property": "property",
            "value": {
                "type": "Value",
                "children": []
            }
        }
    },
    "divided by spaces": {
        "source": "property:!  important",
        "generate": "property:!important",
        "ast": {
            "type": "Declaration",
            "important": true,
            "property": "property",
            "value": {
                "type": "Value",
                "children": []
            }
        }
    },
    "divided by spaces and comments": {
        "source": "property:! /**/ important",
        "generate": "property:!important",
        "ast": {
            "type": "Declaration",
            "important": true,
            "property": "property",
            "value": {
                "type": "Value",
                "children": []
            }
        }
    }
}
