{
    "atruler.0": {
        "source": "@atrule {s{p:v}}",
        "generate": "@atrule{s{p:v}}",
        "ast": {
            "type": "Atrule",
            "name": "atrule",
            "prelude": null,
            "block": {
                "type": "Block",
                "children": [
                    {
                        "type": "Rule",
                        "prelude": {
                            "type": "SelectorList",
                            "children": [
                                {
                                    "type": "Selector",
                                    "children": [
                                        {
                                            "type": "TypeSelector",
                                            "name": "s"
                                        }
                                    ]
                                }
                            ]
                        },
                        "block": {
                            "type": "Block",
                            "children": [
                                {
                                    "type": "Declaration",
                                    "important": false,
                                    "property": "p",
                                    "value": {
                                        "type": "Value",
                                        "children": [
                                            {
                                                "type": "Identifier",
                                                "name": "v"
                                            }
                                        ]
                                    }
                                }
                            ]
                        }
                    }
                ]
            }
        }
    },
    "atruler.1": {
        "source": "@atrule x y {s{p:v}}",
        "generate": "@atrule x y{s{p:v}}",
        "ast": {
            "type": "Atrule",
            "name": "atrule",
            "prelude": {
                "type": "AtrulePrelude",
                "children": [
                    {
                        "type": "Identifier",
                        "name": "x"
                    },
                    {
                        "type": "Identifier",
                        "name": "y"
                    }
                ]
            },
            "block": {
                "type": "Block",
                "children": [
                    {
                        "type": "Rule",
                        "prelude": {
                            "type": "SelectorList",
                            "children": [
                                {
                                    "type": "Selector",
                                    "children": [
                                        {
                                            "type": "TypeSelector",
                                            "name": "s"
                                        }
                                    ]
                                }
                            ]
                        },
                        "block": {
                            "type": "Block",
                            "children": [
                                {
                                    "type": "Declaration",
                                    "important": false,
                                    "property": "p",
                                    "value": {
                                        "type": "Value",
                                        "children": [
                                            {
                                                "type": "Identifier",
                                                "name": "v"
                                            }
                                        ]
                                    }
                                }
                            ]
                        }
                    }
                ]
            }
        }
    },
    "atruler.3": {
        "source": "@atrule x, y f(1+2) {s{p:v}}",
        "generate": "@atrule x,y f(1+2){s{p:v}}",
        "ast": {
            "type": "Atrule",
            "name": "atrule",
            "prelude": {
                "type": "AtrulePrelude",
                "children": [
                    {
                        "type": "Identifier",
                        "name": "x"
                    },
                    {
                        "type": "Operator",
                        "value": ","
                    },
                    {
                        "type": "Identifier",
                        "name": "y"
                    },
                    {
                        "type": "Function",
                        "name": "f",
                        "children": [
                            {
                                "type": "Number",
                                "value": "1"
                            },
                            {
                                "type": "Number",
                                "value": "+2"
                            }
                        ]
                    }
                ]
            },
            "block": {
                "type": "Block",
                "children": [
                    {
                        "type": "Rule",
                        "prelude": {
                            "type": "SelectorList",
                            "children": [
                                {
                                    "type": "Selector",
                                    "children": [
                                        {
                                            "type": "TypeSelector",
                                            "name": "s"
                                        }
                                    ]
                                }
                            ]
                        },
                        "block": {
                            "type": "Block",
                            "children": [
                                {
                                    "type": "Declaration",
                                    "important": false,
                                    "property": "p",
                                    "value": {
                                        "type": "Value",
                                        "children": [
                                            {
                                                "type": "Identifier",
                                                "name": "v"
                                            }
                                        ]
                                    }
                                }
                            ]
                        }
                    }
                ]
            }
        }
    },
    "atruler.4": {
        "source": "@atrule { .a { p: v; } .b { p: v } }",
        "generate": "@atrule{.a{p:v}.b{p:v}}",
        "ast": {
            "type": "Atrule",
            "name": "atrule",
            "prelude": null,
            "block": {
                "type": "Block",
                "children": [
                    {
                        "type": "Rule",
                        "prelude": {
                            "type": "SelectorList",
                            "children": [
                                {
                                    "type": "Selector",
                                    "children": [
                                        {
                                            "type": "ClassSelector",
                                            "name": "a"
                                        }
                                    ]
                                }
                            ]
                        },
                        "block": {
                            "type": "Block",
                            "children": [
                                {
                                    "type": "Declaration",
                                    "important": false,
                                    "property": "p",
                                    "value": {
                                        "type": "Value",
                                        "children": [
                                            {
                                                "type": "Identifier",
                                                "name": "v"
                                            }
                                        ]
                                    }
                                }
                            ]
                        }
                    },
                    {
                        "type": "Rule",
                        "prelude": {
                            "type": "SelectorList",
                            "children": [
                                {
                                    "type": "Selector",
                                    "children": [
                                        {
                                            "type": "ClassSelector",
                                            "name": "b"
                                        }
                                    ]
                                }
                            ]
                        },
                        "block": {
                            "type": "Block",
                            "children": [
                                {
                                    "type": "Declaration",
                                    "important": false,
                                    "property": "p",
                                    "value": {
                                        "type": "Value",
                                        "children": [
                                            {
                                                "type": "Identifier",
                                                "name": "v"
                                            }
                                        ]
                                    }
                                }
                            ]
                        }
                    }
                ]
            }
        }
    },
    "atruler.c.0": {
        "source": "@atrule/*test*/{/*test*/s/*test*/{/*test*/p/*test*/:/*test*/v/*test*/}/*test*/}",
        "generate": "@atrule{s{p:v}}",
        "ast": {
            "type": "Atrule",
            "name": "atrule",
            "prelude": null,
            "block": {
                "type": "Block",
                "children": [
                    {
                        "type": "Rule",
                        "prelude": {
                            "type": "SelectorList",
                            "children": [
                                {
                                    "type": "Selector",
                                    "children": [
                                        {
                                            "type": "TypeSelector",
                                            "name": "s"
                                        }
                                    ]
                                }
                            ]
                        },
                        "block": {
                            "type": "Block",
                            "children": [
                                {
                                    "type": "Declaration",
                                    "important": false,
                                    "property": "p",
                                    "value": {
                                        "type": "Value",
                                        "children": [
                                            {
                                                "type": "Identifier",
                                                "name": "v"
                                            }
                                        ]
                                    }
                                }
                            ]
                        }
                    }
                ]
            }
        }
    },
    "atruler.c.1": {
        "source": "@atrule/*test*/x/*test*/ y/*test*/{/*test*/s/*test*/{/*test*/p/*test*/:/*test*/v/*test*/}/*test*/}",
        "generate": "@atrule x y{s{p:v}}",
        "ast": {
            "type": "Atrule",
            "name": "atrule",
            "prelude": {
                "type": "AtrulePrelude",
                "children": [
                    {
                        "type": "Identifier",
                        "name": "x"
                    },
                    {
                        "type": "Identifier",
                        "name": "y"
                    }
                ]
            },
            "block": {
                "type": "Block",
                "children": [
                    {
                        "type": "Rule",
                        "prelude": {
                            "type": "SelectorList",
                            "children": [
                                {
                                    "type": "Selector",
                                    "children": [
                                        {
                                            "type": "TypeSelector",
                                            "name": "s"
                                        }
                                    ]
                                }
                            ]
                        },
                        "block": {
                            "type": "Block",
                            "children": [
                                {
                                    "type": "Declaration",
                                    "important": false,
                                    "property": "p",
                                    "value": {
                                        "type": "Value",
                                        "children": [
                                            {
                                                "type": "Identifier",
                                                "name": "v"
                                            }
                                        ]
                                    }
                                }
                            ]
                        }
                    }
                ]
            }
        }
    },
    "atruler.c.2": {
        "source": "@atrule/*test*/x/*test*/,/*test*/y/*test*/ f(/*test*/1/*test*/+/*test*/2/*test*/)/*test*/{/*test*/s/*test*/{/*test*/p/*test*/:/*test*/v/*test*/}/*test*/}",
        "generate": "@atrule x,y f(1+ 2){s{p:v}}",
        "ast": {
            "type": "Atrule",
            "name": "atrule",
            "prelude": {
                "type": "AtrulePrelude",
                "children": [
                    {
                        "type": "Identifier",
                        "name": "x"
                    },
                    {
                        "type": "Operator",
                        "value": ","
                    },
                    {
                        "type": "Identifier",
                        "name": "y"
                    },
                    {
                        "type": "Function",
                        "name": "f",
                        "children": [
                            {
                                "type": "Number",
                                "value": "1"
                            },
                            {
                                "type": "Operator",
                                "value": "+"
                            },
                            {
                                "type": "Number",
                                "value": "2"
                            }
                        ]
                    }
                ]
            },
            "block": {
                "type": "Block",
                "children": [
                    {
                        "type": "Rule",
                        "prelude": {
                            "type": "SelectorList",
                            "children": [
                                {
                                    "type": "Selector",
                                    "children": [
                                        {
                                            "type": "TypeSelector",
                                            "name": "s"
                                        }
                                    ]
                                }
                            ]
                        },
                        "block": {
                            "type": "Block",
                            "children": [
                                {
                                    "type": "Declaration",
                                    "important": false,
                                    "property": "p",
                                    "value": {
                                        "type": "Value",
                                        "children": [
                                            {
                                                "type": "Identifier",
                                                "name": "v"
                                            }
                                        ]
                                    }
                                }
                            ]
                        }
                    }
                ]
            }
        }
    },
    "atruler.s.0": {
        "source": "@atrule  {  s  {  p  :  v  }  }",
        "generate": "@atrule{s{p:v}}",
        "ast": {
            "type": "Atrule",
            "name": "atrule",
            "prelude": null,
            "block": {
                "type": "Block",
                "children": [
                    {
                        "type": "Rule",
                        "prelude": {
                            "type": "SelectorList",
                            "children": [
                                {
                                    "type": "Selector",
                                    "children": [
                                        {
                                            "type": "TypeSelector",
                                            "name": "s"
                                        }
                                    ]
                                }
                            ]
                        },
                        "block": {
                            "type": "Block",
                            "children": [
                                {
                                    "type": "Declaration",
                                    "important": false,
                                    "property": "p",
                                    "value": {
                                        "type": "Value",
                                        "children": [
                                            {
                                                "type": "Identifier",
                                                "name": "v"
                                            }
                                        ]
                                    }
                                }
                            ]
                        }
                    }
                ]
            }
        }
    },
    "atruler.s.1": {
        "source": "@atrule  x  y  {  s  {  p  :  v  }  }",
        "generate": "@atrule x y{s{p:v}}",
        "ast": {
            "type": "Atrule",
            "name": "atrule",
            "prelude": {
                "type": "AtrulePrelude",
                "children": [
                    {
                        "type": "Identifier",
                        "name": "x"
                    },
                    {
                        "type": "Identifier",
                        "name": "y"
                    }
                ]
            },
            "block": {
                "type": "Block",
                "children": [
                    {
                        "type": "Rule",
                        "prelude": {
                            "type": "SelectorList",
                            "children": [
                                {
                                    "type": "Selector",
                                    "children": [
                                        {
                                            "type": "TypeSelector",
                                            "name": "s"
                                        }
                                    ]
                                }
                            ]
                        },
                        "block": {
                            "type": "Block",
                            "children": [
                                {
                                    "type": "Declaration",
                                    "important": false,
                                    "property": "p",
                                    "value": {
                                        "type": "Value",
                                        "children": [
                                            {
                                                "type": "Identifier",
                                                "name": "v"
                                            }
                                        ]
                                    }
                                }
                            ]
                        }
                    }
                ]
            }
        }
    },
    "atruler.s.2": {
        "source": "@atrule  x  ,  y  f(  1    2  )  {  s  {  p  :  v  }  }",
        "generate": "@atrule x,y f(1 2){s{p:v}}",
        "ast": {
            "type": "Atrule",
            "name": "atrule",
            "prelude": {
                "type": "AtrulePrelude",
                "children": [
                    {
                        "type": "Identifier",
                        "name": "x"
                    },
                    {
                        "type": "Operator",
                        "value": ","
                    },
                    {
                        "type": "Identifier",
                        "name": "y"
                    },
                    {
                        "type": "Function",
                        "name": "f",
                        "children": [
                            {
                                "type": "Number",
                                "value": "1"
                            },
                            {
                                "type": "Number",
                                "value": "2"
                            }
                        ]
                    }
                ]
            },
            "block": {
                "type": "Block",
                "children": [
                    {
                        "type": "Rule",
                        "prelude": {
                            "type": "SelectorList",
                            "children": [
                                {
                                    "type": "Selector",
                                    "children": [
                                        {
                                            "type": "TypeSelector",
                                            "name": "s"
                                        }
                                    ]
                                }
                            ]
                        },
                        "block": {
                            "type": "Block",
                            "children": [
                                {
                                    "type": "Declaration",
                                    "important": false,
                                    "property": "p",
                                    "value": {
                                        "type": "Value",
                                        "children": [
                                            {
                                                "type": "Identifier",
                                                "name": "v"
                                            }
                                        ]
                                    }
                                }
                            ]
                        }
                    }
                ]
            }
        }
    },
    "webkit.keyfraymes.0": {
        "source": "@-webkit-keyframes pulsate {0% {opacity: .5}50% {opacity: 1}100% {opacity: .5}}",
        "generate": "@-webkit-keyframes pulsate{0%{opacity:.5}50%{opacity:1}100%{opacity:.5}}",
        "ast": {
            "type": "Atrule",
            "name": "-webkit-keyframes",
            "prelude": {
                "type": "AtrulePrelude",
                "children": [
                    {
                        "type": "Identifier",
                        "name": "pulsate"
                    }
                ]
            },
            "block": {
                "type": "Block",
                "children": [
                    {
                        "type": "Rule",
                        "prelude": {
                            "type": "SelectorList",
                            "children": [
                                {
                                    "type": "Selector",
                                    "children": [
                                        {
                                            "type": "Percentage",
                                            "value": "0"
                                        }
                                    ]
                                }
                            ]
                        },
                        "block": {
                            "type": "Block",
                            "children": [
                                {
                                    "type": "Declaration",
                                    "important": false,
                                    "property": "opacity",
                                    "value": {
                                        "type": "Value",
                                        "children": [
                                            {
                                                "type": "Number",
                                                "value": ".5"
                                            }
                                        ]
                                    }
                                }
                            ]
                        }
                    },
                    {
                        "type": "Rule",
                        "prelude": {
                            "type": "SelectorList",
                            "children": [
                                {
                                    "type": "Selector",
                                    "children": [
                                        {
                                            "type": "Percentage",
                                            "value": "50"
                                        }
                                    ]
                                }
                            ]
                        },
                        "block": {
                            "type": "Block",
                            "children": [
                                {
                                    "type": "Declaration",
                                    "important": false,
                                    "property": "opacity",
                                    "value": {
                                        "type": "Value",
                                        "children": [
                                            {
                                                "type": "Number",
                                                "value": "1"
                                            }
                                        ]
                                    }
                                }
                            ]
                        }
                    },
                    {
                        "type": "Rule",
                        "prelude": {
                            "type": "SelectorList",
                            "children": [
                                {
                                    "type": "Selector",
                                    "children": [
                                        {
                                            "type": "Percentage",
                                            "value": "100"
                                        }
                                    ]
                                }
                            ]
                        },
                        "block": {
                            "type": "Block",
                            "children": [
                                {
                                    "type": "Declaration",
                                    "important": false,
                                    "property": "opacity",
                                    "value": {
                                        "type": "Value",
                                        "children": [
                                            {
                                                "type": "Number",
                                                "value": ".5"
                                            }
                                        ]
                                    }
                                }
                            ]
                        }
                    }
                ]
            }
        }
    }
}
