{
    "single media type": {
        "source": "@media screen{}",
        "ast": {
            "type": "Atrule",
            "name": "media",
            "prelude": {
                "type": "AtrulePrelude",
                "children": [
                    {
                        "type": "MediaQueryList",
                        "children": [
                            {
                                "type": "MediaQuery",
                                "modifier": null,
                                "mediaType": "screen",
                                "condition": null
                            }
                        ]
                    }
                ]
            },
            "block": {
                "type": "Block",
                "children": []
            }
        }
    },
    "single media type with negation": {
        "source": "@media not screen{}",
        "ast": {
            "type": "Atrule",
            "name": "media",
            "prelude": {
                "type": "AtrulePrelude",
                "children": [
                    {
                        "type": "MediaQueryList",
                        "children": [
                            {
                                "type": "MediaQuery",
                                "modifier": "not",
                                "mediaType": "screen",
                                "condition": null
                            }
                        ]
                    }
                ]
            },
            "block": {
                "type": "Block",
                "children": []
            }
        }
    },
    "single media type with only": {
        "source": "@media only screen{}",
        "ast": {
            "type": "Atrule",
            "name": "media",
            "prelude": {
                "type": "AtrulePrelude",
                "children": [
                    {
                        "type": "MediaQueryList",
                        "children": [
                            {
                                "type": "MediaQuery",
                                "modifier": "only",
                                "mediaType": "screen",
                                "condition": null
                            }
                        ]
                    }
                ]
            },
            "block": {
                "type": "Block",
                "children": []
            }
        }
    },
    "a list of conditions": {
        "source": "@media all and (min-width: 500px), only screen, (200px < width) and ((foo: 1/2) or (100px > width > 200px)) {}",
        "generate": "@media all and (min-width:500px),only screen,(200px<width) and ((foo:1/2) or (100px>width>200px)){}",
        "ast": {
            "type": "Atrule",
            "name": "media",
            "prelude": {
                "type": "AtrulePrelude",
                "children": [
                    {
                        "type": "MediaQueryList",
                        "children": [
                            {
                                "type": "MediaQuery",
                                "modifier": null,
                                "mediaType": "all",
                                "condition": {
                                    "type": "Condition",
                                    "kind": "media",
                                    "children": [
                                        {
                                            "type": "Feature",
                                            "kind": "media",
                                            "name": "min-width",
                                            "value": {
                                                "type": "Dimension",
                                                "value": "500",
                                                "unit": "px"
                                            }
                                        }
                                    ]
                                }
                            },
                            {
                                "type": "MediaQuery",
                                "modifier": "only",
                                "mediaType": "screen",
                                "condition": null
                            },
                            {
                                "type": "MediaQuery",
                                "modifier": null,
                                "mediaType": null,
                                "condition": {
                                    "type": "Condition",
                                    "kind": "media",
                                    "children": [
                                        {
                                            "type": "FeatureRange",
                                            
                                            "kind": "media",
                                            "left": {
                                                "type": "Dimension",
                                                "value": "200",
                                                "unit": "px"
                                            },
                                            "leftComparison": "<",
                                            "middle": {
                                                "type": "Identifier",
                                                "name": "width"
                                            },
                                            "rightComparison": null,
                                            "right": null
                                        },
                                        {
                                            "type": "Identifier",
                                            "name": "and"
                                        },
                                        {
                                            "type": "Condition",
                                            "kind": "media",
                                            "children": [
                                                {
                                                    "type": "Feature",
                                                    "kind": "media",
                                                    "name": "foo",
                                                    "value": {
                                                        "type": "Ratio",
                                                        "left": {
                                                            "type": "Number",
                                                            "value": "1"
                                                        },
                                                        "right": {
                                                            "type": "Number",
                                                            "value": "2"
                                                        }
                                                    }
                                                },
                                                {
                                                    "type": "Identifier",
                                                    "name": "or"
                                                },
                                                {
                                                    "type": "FeatureRange",
                                                    "kind": "media",
                                                    "left": {
                                                        "type": "Dimension",
                                                        "value": "100",
                                                        "unit": "px"
                                                    },
                                                    "leftComparison": ">",
                                                    "middle": {
                                                        "type": "Identifier",
                                                        "name": "width"
                                                    },
                                                    "rightComparison": ">",
                                                    "right": {
                                                        "type": "Dimension",
                                                        "value": "200",
                                                        "unit": "px"
                                                    }
                                                }
                                            ]
                                        }
                                    ]
                                }
                            }
                        ]
                    }
                ]
            },
            "block": {
                "type": "Block",
                "children": []
            }
        }
    },
    "should be case insensitive": {
        "source": "@mEdiA screen{}",
        "ast": {
            "type": "Atrule",
            "name": "mEdiA",
            "prelude": {
                "type": "AtrulePrelude",
                "children": [
                    {
                        "type": "MediaQueryList",
                        "children": [
                            {
                                "type": "MediaQuery",
                                "modifier": null,
                                "mediaType": "screen",
                                "condition": null
                            }
                        ]
                    }
                ]
            },
            "block": {
                "type": "Block",
                "children": []
            }
        }
    },
    "missed 'and' keyword": {
        "source": "@media screen (feature:1){}",
        "ast": {
            "type": "Atrule",
            "name": "media",
            "prelude": {
                "type": "AtrulePrelude",
                "children": [
                    {
                        "type": "MediaQueryList",
                        "children": [
                            {
                                "type": "MediaQuery",
                                "modifier": null,
                                "mediaType": null,
                                "condition": {
                                    "type": "Condition",
                                    "kind": "media",
                                    "children": [
                                        {
                                            "type": "Identifier",
                                            "name": "screen"
                                        },
                                        {
                                            "type": "Feature",
                                            "kind": "media",
                                            "name": "feature",
                                            "value": {
                                                "type": "Number",
                                                "value": "1"
                                            }
                                        }
                                    ]
                                }
                            }
                        ]
                    }
                ]
            },
            "block": {
                "type": "Block",
                "children": []
            }
        }
    },
    "shouldn't parse an at-rule prelude when parseAtrulePrelude is false": {
        "source": "@media screen and (feature: 1){}",
        "options": {
            "parseAtrulePrelude": false
        },
        "ast": {
            "type": "Atrule",
            "name": "media",
            "prelude": {
                "type": "Raw",
                "value": "screen and (feature: 1)"
            },
            "block": {
                "type": "Block",
                "children": []
            }
        }
    },
    "@media with no block is not an error": {
        "source": "@media;",
        "ast": {
            "type": "Atrule",
            "name": "media",
            "prelude": null,
            "block": null
        }
    },
    "@media with no prelude is not an error": {
        "source": "@media {}",
        "generate": "@media{}",
        "ast": {
            "type": "Atrule",
            "name": "media",
            "prelude": null,
            "block": {
                "type": "Block",
                "children": []
            }
        }
    },
    "@media with unclosed parentheses is not an error": {
        "source": "@media (foo:1",
        "generate": "@media (foo:1);",
        "ast": {
            "type": "Atrule",
            "name": "media",
            "prelude": {
                "type": "AtrulePrelude",
                "children": [
                    {
                        "type": "MediaQueryList",
                        "children": [
                            {
                                "type": "MediaQuery",
                                "modifier": null,
                                "mediaType": null,
                                "condition": {
                                    "type": "Condition",
                                    "kind": "media",
                                    "children": [
                                        {
                                            "type": "Feature",
                                            "kind": "media",
                                            "name": "foo",
                                            "value": {
                                                "type": "Number",
                                                "value": "1"
                                            }
                                        }
                                    ]
                                }
                            }
                        ]
                    }
                ]
            },
            "block": null
        }
    },
    "error": [
        {
            "source": "@media foo screen {}",
            "offset": "           ^",
            "error": "Identifier \"and\" is expected"
        },
        {
            "source": "@media (foo:1) ~",
            "offset": "               ^",
            "error": "Semicolon or block is expected"
        },
        {
            "source": "@media ! {}",
            "offset": "       ^",
            "error": "Identifier or parenthesis is expected"
        }
    ]
}
